Component,ModuleID,Language
C__00723E16360A456D922FB81C139560ED.6492B5CA1425435EB4E109C1192F04D7,MergeModule.6492B5CA1425435EB4E109C1192F04D7,1033
C__0B38D2CE72EE4FA1B7B95793DCD41E3A.6492B5CA1425435EB4E109C1192F04D7,MergeModule.6492B5CA1425435EB4E109C1192F04D7,1033
C__17F6E11913884A6DBE1D3FB892C0BB50.6492B5CA1425435EB4E109C1192F04D7,MergeModule.6492B5CA1425435EB4E109C1192F04D7,1033
C__19198212A3F6400F8EAB7538C6B61969.6492B5CA1425435EB4E109C1192F04D7,MergeModule.6492B5CA1425435EB4E109C1192F04D7,1033
C__368855A407D14693B4EB3AE549EFC3CD.6492B5CA1425435EB4E109C1192F04D7,MergeModule.6492B5CA1425435EB4E109C1192F04D7,1033
C__39FA06DA38434F4A80747ECCB3F04883.6492B5CA1425435EB4E109C1192F04D7,MergeModule.6492B5CA1425435EB4E109C1192F04D7,1033
C__4BB71012704645C2A9E684CE92149CA7.6492B5CA1425435EB4E109C1192F04D7,MergeModule.6492B5CA1425435EB4E109C1192F04D7,1033
C__584CDE6B87C24F1380AEFEB8E925B9ED.6492B5CA1425435EB4E109C1192F04D7,MergeModule.6492B5CA1425435EB4E109C1192F04D7,1033
C__5E14379C20DC49D0B41C956DA40092F0.6492B5CA1425435EB4E109C1192F04D7,MergeModule.6492B5CA1425435EB4E109C1192F04D7,1033
C__63AB233AF4FD4E759EDF279EF0CF1FA9.6492B5CA1425435EB4E109C1192F04D7,MergeModule.6492B5CA1425435EB4E109C1192F04D7,1033
C__7EE26E93E6734BD68D52C315E0681BD9.6492B5CA1425435EB4E109C1192F04D7,MergeModule.6492B5CA1425435EB4E109C1192F04D7,1033
C__8B328C6CEF4240D588A1515F614FE084.6492B5CA1425435EB4E109C1192F04D7,MergeModule.6492B5CA1425435EB4E109C1192F04D7,1033
C__93A6ECBD0FD647118689B8B72F891504.6492B5CA1425435EB4E109C1192F04D7,MergeModule.6492B5CA1425435EB4E109C1192F04D7,1033
C__A6047C11C21A431FAE28CAA466E1C4DB.6492B5CA1425435EB4E109C1192F04D7,MergeModule.6492B5CA1425435EB4E109C1192F04D7,1033
C__AF53696CCA904EBFA29D5DC1C087A1E9.6492B5CA1425435EB4E109C1192F04D7,MergeModule.6492B5CA1425435EB4E109C1192F04D7,1033
C__B36AC5A3AE404A989595E41479E2FCD6.6492B5CA1425435EB4E109C1192F04D7,MergeModule.6492B5CA1425435EB4E109C1192F04D7,1033
C__B7FA60E80B904AFBB2F6F1FB48433933.6492B5CA1425435EB4E109C1192F04D7,MergeModule.6492B5CA1425435EB4E109C1192F04D7,1033
C__C73D447270B84A4CB7A34547F586DCBA.6492B5CA1425435EB4E109C1192F04D7,MergeModule.6492B5CA1425435EB4E109C1192F04D7,1033
C__C9C0F929F93A494FB3E68DC54EB17AED.6492B5CA1425435EB4E109C1192F04D7,MergeModule.6492B5CA1425435EB4E109C1192F04D7,1033
C__CAF8F581356D49C9963912817A38E6D1.6492B5CA1425435EB4E109C1192F04D7,MergeModule.6492B5CA1425435EB4E109C1192F04D7,1033
C__CD415B4291D14389A21AD0109160D54D.6492B5CA1425435EB4E109C1192F04D7,MergeModule.6492B5CA1425435EB4E109C1192F04D7,1033
C__E2A0D21B66814927A7D1D5C1536AA699.6492B5CA1425435EB4E109C1192F04D7,MergeModule.6492B5CA1425435EB4E109C1192F04D7,1033
C__B91E50AC5E204BC9867A0A54EFF7423F.3689E6D571634F2294B5E633BF0B0BA1,MergeModule.3689E6D571634F2294B5E633BF0B0BA1,1033
MSXML4_System.246EB7AD_459A_4FA8_83D1_41A46D7634B7,MSXML_SYS.246EB7AD_459A_4FA8_83D1_41A46D7634B7,1033
MSXML4_SystemRes.246EB7AD_459A_4FA8_83D1_41A46D7634B7,MSXML_SYS.246EB7AD_459A_4FA8_83D1_41A46D7634B7,1033
MSXML4_ANSI.246EB7AD_459A_4FA8_83D1_41A46D7634B7,MSXML_SYS.246EB7AD_459A_4FA8_83D1_41A46D7634B7,1033
MSXML4_Parser.2E8D8EBB_CC16_45E1_BBCA_CB1ED881EDB7,MSXML_SXS.2E8D8EBB_CC16_45E1_BBCA_CB1ED881EDB7,1033
MSXML4_Unicode.2E8D8EBB_CC16_45E1_BBCA_CB1ED881EDB7,MSXML_SXS.2E8D8EBB_CC16_45E1_BBCA_CB1ED881EDB7,1033
uplevel.98CB24AD_52FB_DB5F_FF1F_C8B3B9A1E18E,CRT.98CB24AD_52FB_DB5F_FF1F_C8B3B9A1E18E,0
downlevel_manifest.8.0.50727.762.98CB24AD_52FB_DB5F_FF1F_C8B3B9A1E18E,CRT.98CB24AD_52FB_DB5F_FF1F_C8B3B9A1E18E,0
downlevel_payload.8.0.50727.762.98CB24AD_52FB_DB5F_FF1F_C8B3B9A1E18E,CRT.98CB24AD_52FB_DB5F_FF1F_C8B3B9A1E18E,0
nosxs.98CB24AD_52FB_DB5F_FF1F_C8B3B9A1E18E,CRT.98CB24AD_52FB_DB5F_FF1F_C8B3B9A1E18E,0
downlevel_payload.98CB24AD_52FB_DB5F_FF1F_C8B3B9A1E18E,CRT.98CB24AD_52FB_DB5F_FF1F_C8B3B9A1E18E,0
downlevel_manifest.98CB24AD_52FB_DB5F_FF1F_C8B3B9A1E18E,CRT.98CB24AD_52FB_DB5F_FF1F_C8B3B9A1E18E,0
downlevel_manifest.8.0.50727.89.98CB24AD_52FB_DB5F_FF1F_C8B3B9A1E18E,CRT.98CB24AD_52FB_DB5F_FF1F_C8B3B9A1E18E,0
downlevel_payload.8.0.50727.89.98CB24AD_52FB_DB5F_FF1F_C8B3B9A1E18E,CRT.98CB24AD_52FB_DB5F_FF1F_C8B3B9A1E18E,0
downlevel_manifest.8.0.50727.94.98CB24AD_52FB_DB5F_FF1F_C8B3B9A1E18E,CRT.98CB24AD_52FB_DB5F_FF1F_C8B3B9A1E18E,0
downlevel_manifest.8.0.50727.93.98CB24AD_52FB_DB5F_FF1F_C8B3B9A1E18E,CRT.98CB24AD_52FB_DB5F_FF1F_C8B3B9A1E18E,0
downlevel_manifest.8.0.50727.95.98CB24AD_52FB_DB5F_FF1F_C8B3B9A1E18E,CRT.98CB24AD_52FB_DB5F_FF1F_C8B3B9A1E18E,0
downlevel_payload.8.0.50727.93.98CB24AD_52FB_DB5F_FF1F_C8B3B9A1E18E,CRT.98CB24AD_52FB_DB5F_FF1F_C8B3B9A1E18E,0
downlevel_payload.8.0.50727.94.98CB24AD_52FB_DB5F_FF1F_C8B3B9A1E18E,CRT.98CB24AD_52FB_DB5F_FF1F_C8B3B9A1E18E,0
downlevel_manifest.8.0.50727.96.98CB24AD_52FB_DB5F_FF1F_C8B3B9A1E18E,CRT.98CB24AD_52FB_DB5F_FF1F_C8B3B9A1E18E,0
downlevel_payload.8.0.50727.95.98CB24AD_52FB_DB5F_FF1F_C8B3B9A1E18E,CRT.98CB24AD_52FB_DB5F_FF1F_C8B3B9A1E18E,0
downlevel_manifest.8.0.50727.97.98CB24AD_52FB_DB5F_FF1F_C8B3B9A1E18E,CRT.98CB24AD_52FB_DB5F_FF1F_C8B3B9A1E18E,0
downlevel_manifest.8.0.50727.98.98CB24AD_52FB_DB5F_FF1F_C8B3B9A1E18E,CRT.98CB24AD_52FB_DB5F_FF1F_C8B3B9A1E18E,0
downlevel_payload.8.0.50727.96.98CB24AD_52FB_DB5F_FF1F_C8B3B9A1E18E,CRT.98CB24AD_52FB_DB5F_FF1F_C8B3B9A1E18E,0
downlevel_manifest.8.0.50727.100.98CB24AD_52FB_DB5F_FF1F_C8B3B9A1E18E,CRT.98CB24AD_52FB_DB5F_FF1F_C8B3B9A1E18E,0
downlevel_payload.8.0.50727.97.98CB24AD_52FB_DB5F_FF1F_C8B3B9A1E18E,CRT.98CB24AD_52FB_DB5F_FF1F_C8B3B9A1E18E,0
downlevel_manifest.8.0.50727.99.98CB24AD_52FB_DB5F_FF1F_C8B3B9A1E18E,CRT.98CB24AD_52FB_DB5F_FF1F_C8B3B9A1E18E,0
downlevel_payload.8.0.50727.98.98CB24AD_52FB_DB5F_FF1F_C8B3B9A1E18E,CRT.98CB24AD_52FB_DB5F_FF1F_C8B3B9A1E18E,0
downlevel_payload.8.0.50727.99.98CB24AD_52FB_DB5F_FF1F_C8B3B9A1E18E,CRT.98CB24AD_52FB_DB5F_FF1F_C8B3B9A1E18E,0
downlevel_manifest.8.0.50727.101.98CB24AD_52FB_DB5F_FF1F_C8B3B9A1E18E,CRT.98CB24AD_52FB_DB5F_FF1F_C8B3B9A1E18E,0
downlevel_manifest.8.0.50727.103.98CB24AD_52FB_DB5F_FF1F_C8B3B9A1E18E,CRT.98CB24AD_52FB_DB5F_FF1F_C8B3B9A1E18E,0
downlevel_payload.8.0.50727.100.98CB24AD_52FB_DB5F_FF1F_C8B3B9A1E18E,CRT.98CB24AD_52FB_DB5F_FF1F_C8B3B9A1E18E,0
downlevel_payload.8.0.50727.101.98CB24AD_52FB_DB5F_FF1F_C8B3B9A1E18E,CRT.98CB24AD_52FB_DB5F_FF1F_C8B3B9A1E18E,0
downlevel_manifest.8.0.50727.104.98CB24AD_52FB_DB5F_FF1F_C8B3B9A1E18E,CRT.98CB24AD_52FB_DB5F_FF1F_C8B3B9A1E18E,0
downlevel_manifest.8.0.50727.193.98CB24AD_52FB_DB5F_FF1F_C8B3B9A1E18E,CRT.98CB24AD_52FB_DB5F_FF1F_C8B3B9A1E18E,0
downlevel_payload.8.0.50727.103.98CB24AD_52FB_DB5F_FF1F_C8B3B9A1E18E,CRT.98CB24AD_52FB_DB5F_FF1F_C8B3B9A1E18E,0
downlevel_payload.8.0.50727.104.98CB24AD_52FB_DB5F_FF1F_C8B3B9A1E18E,CRT.98CB24AD_52FB_DB5F_FF1F_C8B3B9A1E18E,0
downlevel_payload.8.0.50727.193.98CB24AD_52FB_DB5F_FF1F_C8B3B9A1E18E,CRT.98CB24AD_52FB_DB5F_FF1F_C8B3B9A1E18E,0
