Registry,Root,Key,Name,Value,Component_
reg5D0A3051A64333FA717E737D4D35E782,-1,Software\[Manufacturer]\[Ampla],,,AmplaShortcutFolder
reg9691247DB6040982B14CED148990B18C,2,SOFTWARE\Citect\Ampla,InstallPath,[APPLICATIONFOLDER],ProductInformation
regF8B9B4885FFCF1A57E7B074A13AA53C7,2,Software\Microsoft\.NETFramework\AssemblyFolders\[ProductName],,[ProgramFilesFolder]Citect\Ampla,AssemblyFoldersRegistryValue
reg5515951F89EBD186A3C9A68DB5504E2A,2,SOFTWARE\Citect\Ampla,ProductVersion,[ProductVersion],ProductInformation
reg960030DA299E761862E3AAC34EEA20A3,2,SOFTWARE\Citect\Ampla,+,,ProductInformation
_0866D6A8EF3E44C1A8A7C2EE3872ACFE.6492B5CA1425435EB4E109C1192F04D7,0,CLSID\{74928157-6BED-3A74-8C79-5656835B9961}\Implemented Categories,+,,C__17F6E11913884A6DBE1D3FB892C0BB50.6492B5CA1425435EB4E109C1192F04D7
_03F14318C08743C1B8C432BB51F4B8BD.6492B5CA1425435EB4E109C1192F04D7,0,CLSID\{74928157-6BED-3A74-8C79-5656835B9961}\Implemented Categories\{62C8FE65-4EBB-45E7-B440-6E39B2CDBF29},+,,C__17F6E11913884A6DBE1D3FB892C0BB50.6492B5CA1425435EB4E109C1192F04D7
_19B992E636AA4A2DA4D6B7AD9279EBA0.6492B5CA1425435EB4E109C1192F04D7,0,CLSID\{74928157-6BED-3A74-8C79-5656835B9961}\InprocServer32,RuntimeVersion,v1.0.3705,C__17F6E11913884A6DBE1D3FB892C0BB50.6492B5CA1425435EB4E109C1192F04D7
_839E213EF6F24A4085951601A97B4D38.6492B5CA1425435EB4E109C1192F04D7,0,CLSID\{74928157-6BED-3A74-8C79-5656835B9961}\InprocServer32,ThreadingModel,Both,C__17F6E11913884A6DBE1D3FB892C0BB50.6492B5CA1425435EB4E109C1192F04D7
_A8F63850F4B14711AD2B7531D8DF8DF8.6492B5CA1425435EB4E109C1192F04D7,0,CLSID\{74928157-6BED-3A74-8C79-5656835B9961}\InprocServer32,Class,DataDynamics.ActiveReports.Design.UnitConverter,C__17F6E11913884A6DBE1D3FB892C0BB50.6492B5CA1425435EB4E109C1192F04D7
_D3672A3E98C8407B88785BD8ADAC2808.6492B5CA1425435EB4E109C1192F04D7,0,CLSID\{74928157-6BED-3A74-8C79-5656835B9961}\InprocServer32,Assembly,"ActiveReports.Design, Version=3.4.0.2027, Culture=neutral, PublicKeyToken=cc4967777c49a3ff",C__17F6E11913884A6DBE1D3FB892C0BB50.6492B5CA1425435EB4E109C1192F04D7
_9CDCF48B0A864317A2064AD1A4924412.6492B5CA1425435EB4E109C1192F04D7,0,CLSID\{90C7722A-BDE7-3A43-A880-9D121B4677BB}\InprocServer32,Class,DataDynamics.ActiveReports.Design.InternalC.OutputFormatValue,C__17F6E11913884A6DBE1D3FB892C0BB50.6492B5CA1425435EB4E109C1192F04D7
_BD1741160C37442AADCCD82DC125BD22.6492B5CA1425435EB4E109C1192F04D7,0,CLSID\{90C7722A-BDE7-3A43-A880-9D121B4677BB}\InprocServer32,Assembly,"ActiveReports.Design, Version=3.4.0.2027, Culture=neutral, PublicKeyToken=cc4967777c49a3ff",C__17F6E11913884A6DBE1D3FB892C0BB50.6492B5CA1425435EB4E109C1192F04D7
_DD1BC0F694BE41259DD57F33369C4CDD.6492B5CA1425435EB4E109C1192F04D7,0,CLSID\{90C7722A-BDE7-3A43-A880-9D121B4677BB}\InprocServer32,RuntimeVersion,v1.0.3705,C__17F6E11913884A6DBE1D3FB892C0BB50.6492B5CA1425435EB4E109C1192F04D7
_EF1A854BF0FC4FF7AF7893E49FB700B8.6492B5CA1425435EB4E109C1192F04D7,0,CLSID\{90C7722A-BDE7-3A43-A880-9D121B4677BB}\InprocServer32,ThreadingModel,Both,C__17F6E11913884A6DBE1D3FB892C0BB50.6492B5CA1425435EB4E109C1192F04D7
_B18047A18CF2496CA8D161A94A605A1F.6492B5CA1425435EB4E109C1192F04D7,0,CLSID\{90C7722A-BDE7-3A43-A880-9D121B4677BB}\Implemented Categories,+,,C__17F6E11913884A6DBE1D3FB892C0BB50.6492B5CA1425435EB4E109C1192F04D7
_114E11036FB64F6B8FF894B9AA0C3982.6492B5CA1425435EB4E109C1192F04D7,0,CLSID\{90C7722A-BDE7-3A43-A880-9D121B4677BB}\Implemented Categories\{62C8FE65-4EBB-45E7-B440-6E39B2CDBF29},+,,C__17F6E11913884A6DBE1D3FB892C0BB50.6492B5CA1425435EB4E109C1192F04D7
_6EAA4CD35EEE4FE8A23537D8FFAA6DA9.6492B5CA1425435EB4E109C1192F04D7,0,CLSID\{A671EDC7-206A-4DAE-8490-A6CF0212B413}\InprocServer32,Assembly,"ActiveReports.Design, Version=3.4.0.2027, Culture=neutral, PublicKeyToken=cc4967777c49a3ff",C__17F6E11913884A6DBE1D3FB892C0BB50.6492B5CA1425435EB4E109C1192F04D7
_7543F19F4564409CB99C139926B394C2.6492B5CA1425435EB4E109C1192F04D7,0,CLSID\{A671EDC7-206A-4DAE-8490-A6CF0212B413}\InprocServer32,Class,DataDynamics.ActiveReports.Design.ReportExplorer,C__17F6E11913884A6DBE1D3FB892C0BB50.6492B5CA1425435EB4E109C1192F04D7
_C8EB81393EC447B39888436953A0CAE3.6492B5CA1425435EB4E109C1192F04D7,0,CLSID\{A671EDC7-206A-4DAE-8490-A6CF0212B413}\InprocServer32,RuntimeVersion,v1.0.3705,C__17F6E11913884A6DBE1D3FB892C0BB50.6492B5CA1425435EB4E109C1192F04D7
_DF3BD86EA63F4C7F8B10DEE08EAF8542.6492B5CA1425435EB4E109C1192F04D7,0,CLSID\{A671EDC7-206A-4DAE-8490-A6CF0212B413}\InprocServer32,ThreadingModel,Both,C__17F6E11913884A6DBE1D3FB892C0BB50.6492B5CA1425435EB4E109C1192F04D7
_91D0DE8290CE4C1F80C643B697F480D9.6492B5CA1425435EB4E109C1192F04D7,0,CLSID\{A671EDC7-206A-4DAE-8490-A6CF0212B413}\Implemented Categories,+,,C__17F6E11913884A6DBE1D3FB892C0BB50.6492B5CA1425435EB4E109C1192F04D7
_AC7DEC6D167341889485A1BB0D3A735B.6492B5CA1425435EB4E109C1192F04D7,0,CLSID\{A671EDC7-206A-4DAE-8490-A6CF0212B413}\Implemented Categories\{62C8FE65-4EBB-45E7-B440-6E39B2CDBF29},+,,C__17F6E11913884A6DBE1D3FB892C0BB50.6492B5CA1425435EB4E109C1192F04D7
_63ECAB8006974AB080288C2C16EA9582.6492B5CA1425435EB4E109C1192F04D7,0,CLSID\{48C10133-0788-43B2-88EC-0892348BE50A}\Implemented Categories,+,,C__17F6E11913884A6DBE1D3FB892C0BB50.6492B5CA1425435EB4E109C1192F04D7
_321F09BCDCCB4745B0AFB3B735C45AC8.6492B5CA1425435EB4E109C1192F04D7,0,CLSID\{48C10133-0788-43B2-88EC-0892348BE50A}\Implemented Categories\{62C8FE65-4EBB-45E7-B440-6E39B2CDBF29},+,,C__17F6E11913884A6DBE1D3FB892C0BB50.6492B5CA1425435EB4E109C1192F04D7
_190A85FC4E344E80A5BABF1305361C38.6492B5CA1425435EB4E109C1192F04D7,0,CLSID\{48C10133-0788-43B2-88EC-0892348BE50A}\InprocServer32,RuntimeVersion,v1.0.3705,C__17F6E11913884A6DBE1D3FB892C0BB50.6492B5CA1425435EB4E109C1192F04D7
_35FB31B101904F8CA9B4F4EE2A70D515.6492B5CA1425435EB4E109C1192F04D7,0,CLSID\{48C10133-0788-43B2-88EC-0892348BE50A}\InprocServer32,Assembly,"ActiveReports.Design, Version=3.4.0.2027, Culture=neutral, PublicKeyToken=cc4967777c49a3ff",C__17F6E11913884A6DBE1D3FB892C0BB50.6492B5CA1425435EB4E109C1192F04D7
_622B343D8F004509A6E34E968DC6792C.6492B5CA1425435EB4E109C1192F04D7,0,CLSID\{48C10133-0788-43B2-88EC-0892348BE50A}\InprocServer32,ThreadingModel,Both,C__17F6E11913884A6DBE1D3FB892C0BB50.6492B5CA1425435EB4E109C1192F04D7
_F49F750ECC6F4A458AF652B87092B2C4.6492B5CA1425435EB4E109C1192F04D7,0,CLSID\{48C10133-0788-43B2-88EC-0892348BE50A}\InprocServer32,Class,DataDynamics.ActiveReports.Design.Designer,C__17F6E11913884A6DBE1D3FB892C0BB50.6492B5CA1425435EB4E109C1192F04D7
_145775D22BA64E8B969149D67DFAB54F.6492B5CA1425435EB4E109C1192F04D7,0,CLSID\{B6015805-36B4-39C1-B0A5-DEED49B40EC0}\InprocServer32,Class,DataDynamics.ActiveReports.ParamQuery,C__17F6E11913884A6DBE1D3FB892C0BB50.6492B5CA1425435EB4E109C1192F04D7
_27FB9320BEA64CEEBF1E290913999E4F.6492B5CA1425435EB4E109C1192F04D7,0,CLSID\{B6015805-36B4-39C1-B0A5-DEED49B40EC0}\InprocServer32,Assembly,"ActiveReports.Design, Version=3.4.0.2027, Culture=neutral, PublicKeyToken=cc4967777c49a3ff",C__17F6E11913884A6DBE1D3FB892C0BB50.6492B5CA1425435EB4E109C1192F04D7
_405986E9B6534D47B59AE146AC0E8F40.6492B5CA1425435EB4E109C1192F04D7,0,CLSID\{B6015805-36B4-39C1-B0A5-DEED49B40EC0}\InprocServer32,RuntimeVersion,v1.0.3705,C__17F6E11913884A6DBE1D3FB892C0BB50.6492B5CA1425435EB4E109C1192F04D7
_CFB92FD22FA747CB9EA218547EAF3023.6492B5CA1425435EB4E109C1192F04D7,0,CLSID\{B6015805-36B4-39C1-B0A5-DEED49B40EC0}\InprocServer32,ThreadingModel,Both,C__17F6E11913884A6DBE1D3FB892C0BB50.6492B5CA1425435EB4E109C1192F04D7
_52EDE82362654E11B75D041EA8DB5250.6492B5CA1425435EB4E109C1192F04D7,0,CLSID\{B6015805-36B4-39C1-B0A5-DEED49B40EC0}\Implemented Categories,+,,C__17F6E11913884A6DBE1D3FB892C0BB50.6492B5CA1425435EB4E109C1192F04D7
_D350476611824CEC9266C3D2B13A002D.6492B5CA1425435EB4E109C1192F04D7,0,CLSID\{B6015805-36B4-39C1-B0A5-DEED49B40EC0}\Implemented Categories\{62C8FE65-4EBB-45E7-B440-6E39B2CDBF29},+,,C__17F6E11913884A6DBE1D3FB892C0BB50.6492B5CA1425435EB4E109C1192F04D7
_0840C9DF790449C68B4B24F547D3BC48.6492B5CA1425435EB4E109C1192F04D7,0,CLSID\{FAB76F31-E1A4-36B5-942C-8B3FA9D28774}\InprocServer32,Assembly,"ActiveReports.Design, Version=3.4.0.2027, Culture=neutral, PublicKeyToken=cc4967777c49a3ff",C__17F6E11913884A6DBE1D3FB892C0BB50.6492B5CA1425435EB4E109C1192F04D7
_20AC3ECFE86349F99D6B7293B6B9D9EB.6492B5CA1425435EB4E109C1192F04D7,0,CLSID\{FAB76F31-E1A4-36B5-942C-8B3FA9D28774}\InprocServer32,Class,DataDynamics.ActiveReports.InternalC.DDLp2,C__17F6E11913884A6DBE1D3FB892C0BB50.6492B5CA1425435EB4E109C1192F04D7
_91C15C928BC94A4BB7FE598A72D57A92.6492B5CA1425435EB4E109C1192F04D7,0,CLSID\{FAB76F31-E1A4-36B5-942C-8B3FA9D28774}\InprocServer32,ThreadingModel,Both,C__17F6E11913884A6DBE1D3FB892C0BB50.6492B5CA1425435EB4E109C1192F04D7
_92200D89B63E48E4861F2F3D1191F93B.6492B5CA1425435EB4E109C1192F04D7,0,CLSID\{FAB76F31-E1A4-36B5-942C-8B3FA9D28774}\InprocServer32,RuntimeVersion,v1.0.3705,C__17F6E11913884A6DBE1D3FB892C0BB50.6492B5CA1425435EB4E109C1192F04D7
_CD0DD0980FD64CDDB6130E817CFEF319.6492B5CA1425435EB4E109C1192F04D7,0,CLSID\{FAB76F31-E1A4-36B5-942C-8B3FA9D28774}\Implemented Categories,+,,C__17F6E11913884A6DBE1D3FB892C0BB50.6492B5CA1425435EB4E109C1192F04D7
_274352F3848740DAA01CA97AEDBEFC4B.6492B5CA1425435EB4E109C1192F04D7,0,CLSID\{FAB76F31-E1A4-36B5-942C-8B3FA9D28774}\Implemented Categories\{62C8FE65-4EBB-45E7-B440-6E39B2CDBF29},+,,C__17F6E11913884A6DBE1D3FB892C0BB50.6492B5CA1425435EB4E109C1192F04D7
_001E4B4CE52747F3ACE06648B765AEE8.6492B5CA1425435EB4E109C1192F04D7,0,CLSID\{34EA82B5-2D72-33B9-9DCB-220916AD751B}\InprocServer32,RuntimeVersion,v1.0.3705,C__17F6E11913884A6DBE1D3FB892C0BB50.6492B5CA1425435EB4E109C1192F04D7
_662A2BA982D74B38A7A1B6685CC4ABCB.6492B5CA1425435EB4E109C1192F04D7,0,CLSID\{34EA82B5-2D72-33B9-9DCB-220916AD751B}\InprocServer32,ThreadingModel,Both,C__17F6E11913884A6DBE1D3FB892C0BB50.6492B5CA1425435EB4E109C1192F04D7
_9D6D4F744C504CBBB3AB5D035BC47192.6492B5CA1425435EB4E109C1192F04D7,0,CLSID\{34EA82B5-2D72-33B9-9DCB-220916AD751B}\InprocServer32,Assembly,"ActiveReports.Design, Version=3.4.0.2027, Culture=neutral, PublicKeyToken=cc4967777c49a3ff",C__17F6E11913884A6DBE1D3FB892C0BB50.6492B5CA1425435EB4E109C1192F04D7
_BFBF08D101A64130BE63969405D407F6.6492B5CA1425435EB4E109C1192F04D7,0,CLSID\{34EA82B5-2D72-33B9-9DCB-220916AD751B}\InprocServer32,Class,DataDynamics.ActiveReports.Design.UndoManager,C__17F6E11913884A6DBE1D3FB892C0BB50.6492B5CA1425435EB4E109C1192F04D7
_D456058AC7EF4EC8A29745AD9A57DA19.6492B5CA1425435EB4E109C1192F04D7,0,CLSID\{34EA82B5-2D72-33B9-9DCB-220916AD751B}\Implemented Categories,+,,C__17F6E11913884A6DBE1D3FB892C0BB50.6492B5CA1425435EB4E109C1192F04D7
_8CED2A832347499684D0B05CF7465A40.6492B5CA1425435EB4E109C1192F04D7,0,CLSID\{34EA82B5-2D72-33B9-9DCB-220916AD751B}\Implemented Categories\{62C8FE65-4EBB-45E7-B440-6E39B2CDBF29},+,,C__17F6E11913884A6DBE1D3FB892C0BB50.6492B5CA1425435EB4E109C1192F04D7
_603B7F6F6E3244719514A5DE85D251ED.6492B5CA1425435EB4E109C1192F04D7,0,CLSID\{9A1B4585-91C8-32FB-90E9-570D5A763E4C}\InprocServer32,Class,DataDynamics.ActiveReports.Design.InternalC.ModifiersConverter,C__17F6E11913884A6DBE1D3FB892C0BB50.6492B5CA1425435EB4E109C1192F04D7
_8CE202197118440C8084212196A53876.6492B5CA1425435EB4E109C1192F04D7,0,CLSID\{9A1B4585-91C8-32FB-90E9-570D5A763E4C}\InprocServer32,ThreadingModel,Both,C__17F6E11913884A6DBE1D3FB892C0BB50.6492B5CA1425435EB4E109C1192F04D7
_DA3D8D60146B421D82660676EC5D86E5.6492B5CA1425435EB4E109C1192F04D7,0,CLSID\{9A1B4585-91C8-32FB-90E9-570D5A763E4C}\InprocServer32,Assembly,"ActiveReports.Design, Version=3.4.0.2027, Culture=neutral, PublicKeyToken=cc4967777c49a3ff",C__17F6E11913884A6DBE1D3FB892C0BB50.6492B5CA1425435EB4E109C1192F04D7
_FE01380623194267BC26B9696897877E.6492B5CA1425435EB4E109C1192F04D7,0,CLSID\{9A1B4585-91C8-32FB-90E9-570D5A763E4C}\InprocServer32,RuntimeVersion,v1.0.3705,C__17F6E11913884A6DBE1D3FB892C0BB50.6492B5CA1425435EB4E109C1192F04D7
_776647F2C60343ECBA9BDF0CE2F35C67.6492B5CA1425435EB4E109C1192F04D7,0,CLSID\{9A1B4585-91C8-32FB-90E9-570D5A763E4C}\Implemented Categories,+,,C__17F6E11913884A6DBE1D3FB892C0BB50.6492B5CA1425435EB4E109C1192F04D7
_720861F12445427F9EC23BEC11AFE614.6492B5CA1425435EB4E109C1192F04D7,0,CLSID\{9A1B4585-91C8-32FB-90E9-570D5A763E4C}\Implemented Categories\{62C8FE65-4EBB-45E7-B440-6E39B2CDBF29},+,,C__17F6E11913884A6DBE1D3FB892C0BB50.6492B5CA1425435EB4E109C1192F04D7
_A0D6E03F9C914EB79E901364D0F92D8C.6492B5CA1425435EB4E109C1192F04D7,0,CLSID\{97430C95-D8C5-3669-AE41-27327738197E}\InprocServer32,RuntimeVersion,v1.0.3705,C__17F6E11913884A6DBE1D3FB892C0BB50.6492B5CA1425435EB4E109C1192F04D7
_C840A149324A4A1383562F49A9935AA8.6492B5CA1425435EB4E109C1192F04D7,0,CLSID\{97430C95-D8C5-3669-AE41-27327738197E}\InprocServer32,ThreadingModel,Both,C__17F6E11913884A6DBE1D3FB892C0BB50.6492B5CA1425435EB4E109C1192F04D7
_C924861CAD924355A15EE920B15EE163.6492B5CA1425435EB4E109C1192F04D7,0,CLSID\{97430C95-D8C5-3669-AE41-27327738197E}\InprocServer32,Assembly,"ActiveReports.Design, Version=3.4.0.2027, Culture=neutral, PublicKeyToken=cc4967777c49a3ff",C__17F6E11913884A6DBE1D3FB892C0BB50.6492B5CA1425435EB4E109C1192F04D7
_E5886571336B4D7DA0AAD0547E532375.6492B5CA1425435EB4E109C1192F04D7,0,CLSID\{97430C95-D8C5-3669-AE41-27327738197E}\InprocServer32,Class,DataDynamics.ActiveReports.Design.InternalC.OutputFormatTypeEditor,C__17F6E11913884A6DBE1D3FB892C0BB50.6492B5CA1425435EB4E109C1192F04D7
_F2E8601D45A14C9C8B469120336AB0C5.6492B5CA1425435EB4E109C1192F04D7,0,CLSID\{97430C95-D8C5-3669-AE41-27327738197E}\Implemented Categories,+,,C__17F6E11913884A6DBE1D3FB892C0BB50.6492B5CA1425435EB4E109C1192F04D7
_8D97607EA3F6456AAFFD228F691E2C64.6492B5CA1425435EB4E109C1192F04D7,0,CLSID\{97430C95-D8C5-3669-AE41-27327738197E}\Implemented Categories\{62C8FE65-4EBB-45E7-B440-6E39B2CDBF29},+,,C__17F6E11913884A6DBE1D3FB892C0BB50.6492B5CA1425435EB4E109C1192F04D7
_0735B5FB530D4426BE6D4BA7EBB2B60E.6492B5CA1425435EB4E109C1192F04D7,0,CLSID\{569BD043-987F-3D0E-80E1-45D619D64DF5}\InprocServer32,Assembly,"ActiveReports.Design, Version=3.4.0.2027, Culture=neutral, PublicKeyToken=cc4967777c49a3ff",C__17F6E11913884A6DBE1D3FB892C0BB50.6492B5CA1425435EB4E109C1192F04D7
_410FD0A1840B426CA011B8684D2DA315.6492B5CA1425435EB4E109C1192F04D7,0,CLSID\{569BD043-987F-3D0E-80E1-45D619D64DF5}\InprocServer32,Class,DataDynamics.ActiveReports.Design.InternalC.ModifierValue,C__17F6E11913884A6DBE1D3FB892C0BB50.6492B5CA1425435EB4E109C1192F04D7
_54B7927A45F14F1C99896B614BAE453F.6492B5CA1425435EB4E109C1192F04D7,0,CLSID\{569BD043-987F-3D0E-80E1-45D619D64DF5}\InprocServer32,ThreadingModel,Both,C__17F6E11913884A6DBE1D3FB892C0BB50.6492B5CA1425435EB4E109C1192F04D7
_D160F53ED057491B9B0C9D9745BDC4B7.6492B5CA1425435EB4E109C1192F04D7,0,CLSID\{569BD043-987F-3D0E-80E1-45D619D64DF5}\InprocServer32,RuntimeVersion,v1.0.3705,C__17F6E11913884A6DBE1D3FB892C0BB50.6492B5CA1425435EB4E109C1192F04D7
_F9306F923C6A440C9F92E0002AC6B687.6492B5CA1425435EB4E109C1192F04D7,0,CLSID\{569BD043-987F-3D0E-80E1-45D619D64DF5}\Implemented Categories,+,,C__17F6E11913884A6DBE1D3FB892C0BB50.6492B5CA1425435EB4E109C1192F04D7
_A3916A19E45C4B29993327941CEE6AA5.6492B5CA1425435EB4E109C1192F04D7,0,CLSID\{569BD043-987F-3D0E-80E1-45D619D64DF5}\Implemented Categories\{62C8FE65-4EBB-45E7-B440-6E39B2CDBF29},+,,C__17F6E11913884A6DBE1D3FB892C0BB50.6492B5CA1425435EB4E109C1192F04D7
_B91E50AC5E204BC9867A0A54EFF7423F.3689E6D571634F2294B5E633BF0B0BA1,0,Licenses\170811A2-AFB0-46fc-BCED-B2AF6319CC3F\[CALLERKEY],,[CALLERLICENSE],C__B91E50AC5E204BC9867A0A54EFF7423F.3689E6D571634F2294B5E633BF0B0BA1
r0.246EB7AD_459A_4FA8_83D1_41A46D7634B7,0,CLSID\{88D969C0-F192-11D4-A65F-0040963251E5},,XML DOM Document 4.0,MSXML4_System.246EB7AD_459A_4FA8_83D1_41A46D7634B7
r1.246EB7AD_459A_4FA8_83D1_41A46D7634B7,0,CLSID\{88D969C0-F192-11D4-A65F-0040963251E5}\InProcServer32,,[#msxml4.dll.246EB7AD_459A_4FA8_83D1_41A46D7634B7],MSXML4_System.246EB7AD_459A_4FA8_83D1_41A46D7634B7
r2.246EB7AD_459A_4FA8_83D1_41A46D7634B7,0,CLSID\{88D969C0-F192-11D4-A65F-0040963251E5}\InProcServer32,ThreadingModel,Both,MSXML4_System.246EB7AD_459A_4FA8_83D1_41A46D7634B7
r3.246EB7AD_459A_4FA8_83D1_41A46D7634B7,0,CLSID\{88D969C0-F192-11D4-A65F-0040963251E5}\ProgID,,Msxml2.DOMDocument.4.0,MSXML4_System.246EB7AD_459A_4FA8_83D1_41A46D7634B7
r4.246EB7AD_459A_4FA8_83D1_41A46D7634B7,0,CLSID\{88D969C0-F192-11D4-A65F-0040963251E5}\Version,,4.0,MSXML4_System.246EB7AD_459A_4FA8_83D1_41A46D7634B7
r5.246EB7AD_459A_4FA8_83D1_41A46D7634B7,0,CLSID\{88D969C0-F192-11D4-A65F-0040963251E5}\TypeLib,,{F5078F18-C551-11D3-89B9-0000F81FE221},MSXML4_System.246EB7AD_459A_4FA8_83D1_41A46D7634B7
r6.246EB7AD_459A_4FA8_83D1_41A46D7634B7,0,Msxml2.DOMDocument.4.0,,XML DOM Document 4.0,MSXML4_System.246EB7AD_459A_4FA8_83D1_41A46D7634B7
r7.246EB7AD_459A_4FA8_83D1_41A46D7634B7,0,Msxml2.DOMDocument.4.0\CLSID,,{88D969C0-F192-11D4-A65F-0040963251E5},MSXML4_System.246EB7AD_459A_4FA8_83D1_41A46D7634B7
r8.246EB7AD_459A_4FA8_83D1_41A46D7634B7,0,CLSID\{88D969C1-F192-11D4-A65F-0040963251E5},,Free Threaded XML DOM Document 4.0,MSXML4_System.246EB7AD_459A_4FA8_83D1_41A46D7634B7
r9.246EB7AD_459A_4FA8_83D1_41A46D7634B7,0,CLSID\{88D969C1-F192-11D4-A65F-0040963251E5}\InProcServer32,,[#msxml4.dll.246EB7AD_459A_4FA8_83D1_41A46D7634B7],MSXML4_System.246EB7AD_459A_4FA8_83D1_41A46D7634B7
r10.246EB7AD_459A_4FA8_83D1_41A46D7634B7,0,CLSID\{88D969C1-F192-11D4-A65F-0040963251E5}\InProcServer32,ThreadingModel,Both,MSXML4_System.246EB7AD_459A_4FA8_83D1_41A46D7634B7
r11.246EB7AD_459A_4FA8_83D1_41A46D7634B7,0,CLSID\{88D969C1-F192-11D4-A65F-0040963251E5}\ProgID,,Msxml2.FreeThreadedDOMDocument.4.0,MSXML4_System.246EB7AD_459A_4FA8_83D1_41A46D7634B7
r12.246EB7AD_459A_4FA8_83D1_41A46D7634B7,0,CLSID\{88D969C1-F192-11D4-A65F-0040963251E5}\Version,,4.0,MSXML4_System.246EB7AD_459A_4FA8_83D1_41A46D7634B7
r13.246EB7AD_459A_4FA8_83D1_41A46D7634B7,0,CLSID\{88D969C1-F192-11D4-A65F-0040963251E5}\TypeLib,,{F5078F18-C551-11D3-89B9-0000F81FE221},MSXML4_System.246EB7AD_459A_4FA8_83D1_41A46D7634B7
r14.246EB7AD_459A_4FA8_83D1_41A46D7634B7,0,Msxml2.FreeThreadedDOMDocument.4.0,,Free Threaded XML DOM Document 4.0,MSXML4_System.246EB7AD_459A_4FA8_83D1_41A46D7634B7
r15.246EB7AD_459A_4FA8_83D1_41A46D7634B7,0,Msxml2.FreeThreadedDOMDocument.4.0\CLSID,,{88D969C1-F192-11D4-A65F-0040963251E5},MSXML4_System.246EB7AD_459A_4FA8_83D1_41A46D7634B7
r16.246EB7AD_459A_4FA8_83D1_41A46D7634B7,0,CLSID\{88D969C4-F192-11D4-A65F-0040963251E5},,XML Data Source Object 4.0,MSXML4_System.246EB7AD_459A_4FA8_83D1_41A46D7634B7
r17.246EB7AD_459A_4FA8_83D1_41A46D7634B7,0,CLSID\{88D969C4-F192-11D4-A65F-0040963251E5}\InProcServer32,,[#msxml4.dll.246EB7AD_459A_4FA8_83D1_41A46D7634B7],MSXML4_System.246EB7AD_459A_4FA8_83D1_41A46D7634B7
r18.246EB7AD_459A_4FA8_83D1_41A46D7634B7,0,CLSID\{88D969C4-F192-11D4-A65F-0040963251E5}\InProcServer32,ThreadingModel,Apartment,MSXML4_System.246EB7AD_459A_4FA8_83D1_41A46D7634B7
r19.246EB7AD_459A_4FA8_83D1_41A46D7634B7,0,CLSID\{88D969C4-F192-11D4-A65F-0040963251E5}\ProgID,,Msxml2.DSOControl.4.0,MSXML4_System.246EB7AD_459A_4FA8_83D1_41A46D7634B7
r20.246EB7AD_459A_4FA8_83D1_41A46D7634B7,0,CLSID\{88D969C4-F192-11D4-A65F-0040963251E5}\Version,,4.0,MSXML4_System.246EB7AD_459A_4FA8_83D1_41A46D7634B7
r21.246EB7AD_459A_4FA8_83D1_41A46D7634B7,0,CLSID\{88D969C4-F192-11D4-A65F-0040963251E5}\TypeLib,,{F5078F18-C551-11D3-89B9-0000F81FE221},MSXML4_System.246EB7AD_459A_4FA8_83D1_41A46D7634B7
r22.246EB7AD_459A_4FA8_83D1_41A46D7634B7,0,Msxml2.DSOControl.4.0,,XML Data Source Object 4.0,MSXML4_System.246EB7AD_459A_4FA8_83D1_41A46D7634B7
r23.246EB7AD_459A_4FA8_83D1_41A46D7634B7,0,Msxml2.DSOControl.4.0\CLSID,,{88D969C4-F192-11D4-A65F-0040963251E5},MSXML4_System.246EB7AD_459A_4FA8_83D1_41A46D7634B7
r24.246EB7AD_459A_4FA8_83D1_41A46D7634B7,0,CLSID\{88D969C5-F192-11D4-A65F-0040963251E5},,XML HTTP 4.0,MSXML4_System.246EB7AD_459A_4FA8_83D1_41A46D7634B7
r25.246EB7AD_459A_4FA8_83D1_41A46D7634B7,0,CLSID\{88D969C5-F192-11D4-A65F-0040963251E5}\InProcServer32,,[#msxml4.dll.246EB7AD_459A_4FA8_83D1_41A46D7634B7],MSXML4_System.246EB7AD_459A_4FA8_83D1_41A46D7634B7
r26.246EB7AD_459A_4FA8_83D1_41A46D7634B7,0,CLSID\{88D969C5-F192-11D4-A65F-0040963251E5}\InProcServer32,ThreadingModel,Apartment,MSXML4_System.246EB7AD_459A_4FA8_83D1_41A46D7634B7
r27.246EB7AD_459A_4FA8_83D1_41A46D7634B7,0,CLSID\{88D969C5-F192-11D4-A65F-0040963251E5}\ProgID,,Msxml2.XMLHTTP.4.0,MSXML4_System.246EB7AD_459A_4FA8_83D1_41A46D7634B7
r28.246EB7AD_459A_4FA8_83D1_41A46D7634B7,0,CLSID\{88D969C5-F192-11D4-A65F-0040963251E5}\Version,,4.0,MSXML4_System.246EB7AD_459A_4FA8_83D1_41A46D7634B7
r29.246EB7AD_459A_4FA8_83D1_41A46D7634B7,0,CLSID\{88D969C5-F192-11D4-A65F-0040963251E5}\TypeLib,,{F5078F18-C551-11D3-89B9-0000F81FE221},MSXML4_System.246EB7AD_459A_4FA8_83D1_41A46D7634B7
r30.246EB7AD_459A_4FA8_83D1_41A46D7634B7,0,Msxml2.XMLHTTP.4.0,,XML HTTP 4.0,MSXML4_System.246EB7AD_459A_4FA8_83D1_41A46D7634B7
r31.246EB7AD_459A_4FA8_83D1_41A46D7634B7,0,Msxml2.XMLHTTP.4.0\CLSID,,{88D969C5-F192-11D4-A65F-0040963251E5},MSXML4_System.246EB7AD_459A_4FA8_83D1_41A46D7634B7
r32.246EB7AD_459A_4FA8_83D1_41A46D7634B7,0,CLSID\{88D969C6-F192-11D4-A65F-0040963251E5},,Server XML HTTP 4.0,MSXML4_System.246EB7AD_459A_4FA8_83D1_41A46D7634B7
r33.246EB7AD_459A_4FA8_83D1_41A46D7634B7,0,CLSID\{88D969C6-F192-11D4-A65F-0040963251E5}\InProcServer32,,[#msxml4.dll.246EB7AD_459A_4FA8_83D1_41A46D7634B7],MSXML4_System.246EB7AD_459A_4FA8_83D1_41A46D7634B7
r34.246EB7AD_459A_4FA8_83D1_41A46D7634B7,0,CLSID\{88D969C6-F192-11D4-A65F-0040963251E5}\InProcServer32,ThreadingModel,Apartment,MSXML4_System.246EB7AD_459A_4FA8_83D1_41A46D7634B7
r35.246EB7AD_459A_4FA8_83D1_41A46D7634B7,0,CLSID\{88D969C6-F192-11D4-A65F-0040963251E5}\ProgID,,Msxml2.ServerXMLHTTP.4.0,MSXML4_System.246EB7AD_459A_4FA8_83D1_41A46D7634B7
r36.246EB7AD_459A_4FA8_83D1_41A46D7634B7,0,CLSID\{88D969C6-F192-11D4-A65F-0040963251E5}\Version,,4.0,MSXML4_System.246EB7AD_459A_4FA8_83D1_41A46D7634B7
r37.246EB7AD_459A_4FA8_83D1_41A46D7634B7,0,CLSID\{88D969C6-F192-11D4-A65F-0040963251E5}\TypeLib,,{F5078F18-C551-11D3-89B9-0000F81FE221},MSXML4_System.246EB7AD_459A_4FA8_83D1_41A46D7634B7
r38.246EB7AD_459A_4FA8_83D1_41A46D7634B7,0,Msxml2.ServerXMLHTTP.4.0,,Server XML HTTP 4.0,MSXML4_System.246EB7AD_459A_4FA8_83D1_41A46D7634B7
r39.246EB7AD_459A_4FA8_83D1_41A46D7634B7,0,Msxml2.ServerXMLHTTP.4.0\CLSID,,{88D969C6-F192-11D4-A65F-0040963251E5},MSXML4_System.246EB7AD_459A_4FA8_83D1_41A46D7634B7
r40.246EB7AD_459A_4FA8_83D1_41A46D7634B7,0,CLSID\{88D969C2-F192-11D4-A65F-0040963251E5},,XML Schema Cache 4.0,MSXML4_System.246EB7AD_459A_4FA8_83D1_41A46D7634B7
r41.246EB7AD_459A_4FA8_83D1_41A46D7634B7,0,CLSID\{88D969C2-F192-11D4-A65F-0040963251E5}\InProcServer32,,[#msxml4.dll.246EB7AD_459A_4FA8_83D1_41A46D7634B7],MSXML4_System.246EB7AD_459A_4FA8_83D1_41A46D7634B7
r42.246EB7AD_459A_4FA8_83D1_41A46D7634B7,0,CLSID\{88D969C2-F192-11D4-A65F-0040963251E5}\InProcServer32,ThreadingModel,Both,MSXML4_System.246EB7AD_459A_4FA8_83D1_41A46D7634B7
r43.246EB7AD_459A_4FA8_83D1_41A46D7634B7,0,CLSID\{88D969C2-F192-11D4-A65F-0040963251E5}\ProgID,,Msxml2.XMLSchemaCache.4.0,MSXML4_System.246EB7AD_459A_4FA8_83D1_41A46D7634B7
r44.246EB7AD_459A_4FA8_83D1_41A46D7634B7,0,CLSID\{88D969C2-F192-11D4-A65F-0040963251E5}\Version,,4.0,MSXML4_System.246EB7AD_459A_4FA8_83D1_41A46D7634B7
r45.246EB7AD_459A_4FA8_83D1_41A46D7634B7,0,Msxml2.XMLSchemaCache.4.0,,XML Schema Cache 4.0,MSXML4_System.246EB7AD_459A_4FA8_83D1_41A46D7634B7
r46.246EB7AD_459A_4FA8_83D1_41A46D7634B7,0,Msxml2.XMLSchemaCache.4.0\CLSID,,{88D969C2-F192-11D4-A65F-0040963251E5},MSXML4_System.246EB7AD_459A_4FA8_83D1_41A46D7634B7
r47.246EB7AD_459A_4FA8_83D1_41A46D7634B7,0,CLSID\{88D969C3-F192-11D4-A65F-0040963251E5},,XSL Template 4.0,MSXML4_System.246EB7AD_459A_4FA8_83D1_41A46D7634B7
r48.246EB7AD_459A_4FA8_83D1_41A46D7634B7,0,CLSID\{88D969C3-F192-11D4-A65F-0040963251E5}\InProcServer32,,[#msxml4.dll.246EB7AD_459A_4FA8_83D1_41A46D7634B7],MSXML4_System.246EB7AD_459A_4FA8_83D1_41A46D7634B7
r49.246EB7AD_459A_4FA8_83D1_41A46D7634B7,0,CLSID\{88D969C3-F192-11D4-A65F-0040963251E5}\InProcServer32,ThreadingModel,Both,MSXML4_System.246EB7AD_459A_4FA8_83D1_41A46D7634B7
r50.246EB7AD_459A_4FA8_83D1_41A46D7634B7,0,CLSID\{88D969C3-F192-11D4-A65F-0040963251E5}\ProgID,,Msxml2.XSLTemplate.4.0,MSXML4_System.246EB7AD_459A_4FA8_83D1_41A46D7634B7
r51.246EB7AD_459A_4FA8_83D1_41A46D7634B7,0,CLSID\{88D969C3-F192-11D4-A65F-0040963251E5}\Version,,4.0,MSXML4_System.246EB7AD_459A_4FA8_83D1_41A46D7634B7
r52.246EB7AD_459A_4FA8_83D1_41A46D7634B7,0,Msxml2.XSLTemplate.4.0,,XSL Template 4.0,MSXML4_System.246EB7AD_459A_4FA8_83D1_41A46D7634B7
r53.246EB7AD_459A_4FA8_83D1_41A46D7634B7,0,Msxml2.XSLTemplate.4.0\CLSID,,{88D969C3-F192-11D4-A65F-0040963251E5},MSXML4_System.246EB7AD_459A_4FA8_83D1_41A46D7634B7
r54.246EB7AD_459A_4FA8_83D1_41A46D7634B7,0,CLSID\{7C6E29BC-8B8B-4C3D-859E-AF6CD158BE0F},,SAX XML Reader 4.0,MSXML4_System.246EB7AD_459A_4FA8_83D1_41A46D7634B7
r55.246EB7AD_459A_4FA8_83D1_41A46D7634B7,0,CLSID\{7C6E29BC-8B8B-4C3D-859E-AF6CD158BE0F}\InProcServer32,,[#msxml4.dll.246EB7AD_459A_4FA8_83D1_41A46D7634B7],MSXML4_System.246EB7AD_459A_4FA8_83D1_41A46D7634B7
r56.246EB7AD_459A_4FA8_83D1_41A46D7634B7,0,CLSID\{7C6E29BC-8B8B-4C3D-859E-AF6CD158BE0F}\InProcServer32,ThreadingModel,Both,MSXML4_System.246EB7AD_459A_4FA8_83D1_41A46D7634B7
r57.246EB7AD_459A_4FA8_83D1_41A46D7634B7,0,CLSID\{7C6E29BC-8B8B-4C3D-859E-AF6CD158BE0F}\ProgID,,Msxml2.SAXXMLReader.4.0,MSXML4_System.246EB7AD_459A_4FA8_83D1_41A46D7634B7
r58.246EB7AD_459A_4FA8_83D1_41A46D7634B7,0,CLSID\{7C6E29BC-8B8B-4C3D-859E-AF6CD158BE0F}\Version,,4.0,MSXML4_System.246EB7AD_459A_4FA8_83D1_41A46D7634B7
r59.246EB7AD_459A_4FA8_83D1_41A46D7634B7,0,Msxml2.SAXXMLReader.4.0,,SAX XML Reader 4.0,MSXML4_System.246EB7AD_459A_4FA8_83D1_41A46D7634B7
r60.246EB7AD_459A_4FA8_83D1_41A46D7634B7,0,Msxml2.SAXXMLReader.4.0\CLSID,,{7C6E29BC-8B8B-4C3D-859E-AF6CD158BE0F},MSXML4_System.246EB7AD_459A_4FA8_83D1_41A46D7634B7
r61.246EB7AD_459A_4FA8_83D1_41A46D7634B7,0,CLSID\{00B7E0AB-817A-44AD-A04B-D1148D524136},,MX XML Reader 4.0,MSXML4_System.246EB7AD_459A_4FA8_83D1_41A46D7634B7
r62.246EB7AD_459A_4FA8_83D1_41A46D7634B7,0,CLSID\{00B7E0AB-817A-44AD-A04B-D1148D524136}\InProcServer32,,[#msxml4.dll.246EB7AD_459A_4FA8_83D1_41A46D7634B7],MSXML4_System.246EB7AD_459A_4FA8_83D1_41A46D7634B7
r63.246EB7AD_459A_4FA8_83D1_41A46D7634B7,0,CLSID\{00B7E0AB-817A-44AD-A04B-D1148D524136}\InProcServer32,ThreadingModel,Both,MSXML4_System.246EB7AD_459A_4FA8_83D1_41A46D7634B7
r64.246EB7AD_459A_4FA8_83D1_41A46D7634B7,0,CLSID\{88D969C8-F192-11D4-A65F-0040963251E5},,MXXMLWriter 4.0,MSXML4_System.246EB7AD_459A_4FA8_83D1_41A46D7634B7
r65.246EB7AD_459A_4FA8_83D1_41A46D7634B7,0,CLSID\{88D969C8-F192-11D4-A65F-0040963251E5}\InProcServer32,,[#msxml4.dll.246EB7AD_459A_4FA8_83D1_41A46D7634B7],MSXML4_System.246EB7AD_459A_4FA8_83D1_41A46D7634B7
r66.246EB7AD_459A_4FA8_83D1_41A46D7634B7,0,CLSID\{88D969C8-F192-11D4-A65F-0040963251E5}\InProcServer32,ThreadingModel,Both,MSXML4_System.246EB7AD_459A_4FA8_83D1_41A46D7634B7
r67.246EB7AD_459A_4FA8_83D1_41A46D7634B7,0,CLSID\{88D969C8-F192-11D4-A65F-0040963251E5}\ProgID,,Msxml2.MXXMLWriter.4.0,MSXML4_System.246EB7AD_459A_4FA8_83D1_41A46D7634B7
r68.246EB7AD_459A_4FA8_83D1_41A46D7634B7,0,CLSID\{88D969C8-F192-11D4-A65F-0040963251E5}\Version,,4.0,MSXML4_System.246EB7AD_459A_4FA8_83D1_41A46D7634B7
r69.246EB7AD_459A_4FA8_83D1_41A46D7634B7,0,Msxml2.MXXMLWriter.4.0,,MXXMLWriter 4.0,MSXML4_System.246EB7AD_459A_4FA8_83D1_41A46D7634B7
r70.246EB7AD_459A_4FA8_83D1_41A46D7634B7,0,Msxml2.MXXMLWriter.4.0\CLSID,,{88D969C8-F192-11D4-A65F-0040963251E5},MSXML4_System.246EB7AD_459A_4FA8_83D1_41A46D7634B7
r71.246EB7AD_459A_4FA8_83D1_41A46D7634B7,0,CLSID\{88D969C9-F192-11D4-A65F-0040963251E5},,MXHTMLWriter 4.0,MSXML4_System.246EB7AD_459A_4FA8_83D1_41A46D7634B7
r72.246EB7AD_459A_4FA8_83D1_41A46D7634B7,0,CLSID\{88D969C9-F192-11D4-A65F-0040963251E5}\InProcServer32,,[#msxml4.dll.246EB7AD_459A_4FA8_83D1_41A46D7634B7],MSXML4_System.246EB7AD_459A_4FA8_83D1_41A46D7634B7
r73.246EB7AD_459A_4FA8_83D1_41A46D7634B7,0,CLSID\{88D969C9-F192-11D4-A65F-0040963251E5}\InProcServer32,ThreadingModel,Both,MSXML4_System.246EB7AD_459A_4FA8_83D1_41A46D7634B7
r74.246EB7AD_459A_4FA8_83D1_41A46D7634B7,0,CLSID\{88D969C9-F192-11D4-A65F-0040963251E5}\ProgID,,Msxml2.MXHTMLWriter.4.0,MSXML4_System.246EB7AD_459A_4FA8_83D1_41A46D7634B7
r75.246EB7AD_459A_4FA8_83D1_41A46D7634B7,0,CLSID\{88D969C9-F192-11D4-A65F-0040963251E5}\Version,,4.0,MSXML4_System.246EB7AD_459A_4FA8_83D1_41A46D7634B7
r76.246EB7AD_459A_4FA8_83D1_41A46D7634B7,0,Msxml2.MXHTMLWriter.4.0,,MXHTMLWriter 4.0,MSXML4_System.246EB7AD_459A_4FA8_83D1_41A46D7634B7
r77.246EB7AD_459A_4FA8_83D1_41A46D7634B7,0,Msxml2.MXHTMLWriter.4.0\CLSID,,{88D969C9-F192-11D4-A65F-0040963251E5},MSXML4_System.246EB7AD_459A_4FA8_83D1_41A46D7634B7
r78.246EB7AD_459A_4FA8_83D1_41A46D7634B7,0,CLSID\{88D969CA-F192-11D4-A65F-0040963251E5},,SAXAttributes 4.0,MSXML4_System.246EB7AD_459A_4FA8_83D1_41A46D7634B7
r79.246EB7AD_459A_4FA8_83D1_41A46D7634B7,0,CLSID\{88D969CA-F192-11D4-A65F-0040963251E5}\InProcServer32,,[#msxml4.dll.246EB7AD_459A_4FA8_83D1_41A46D7634B7],MSXML4_System.246EB7AD_459A_4FA8_83D1_41A46D7634B7
r80.246EB7AD_459A_4FA8_83D1_41A46D7634B7,0,CLSID\{88D969CA-F192-11D4-A65F-0040963251E5}\InProcServer32,ThreadingModel,Both,MSXML4_System.246EB7AD_459A_4FA8_83D1_41A46D7634B7
r81.246EB7AD_459A_4FA8_83D1_41A46D7634B7,0,CLSID\{88D969CA-F192-11D4-A65F-0040963251E5}\ProgID,,Msxml2.SAXAttributes.4.0,MSXML4_System.246EB7AD_459A_4FA8_83D1_41A46D7634B7
r82.246EB7AD_459A_4FA8_83D1_41A46D7634B7,0,CLSID\{88D969CA-F192-11D4-A65F-0040963251E5}\Version,,4.0,MSXML4_System.246EB7AD_459A_4FA8_83D1_41A46D7634B7
r83.246EB7AD_459A_4FA8_83D1_41A46D7634B7,0,Msxml2.SAXAttributes.4.0,,SAXAttributes 4.0,MSXML4_System.246EB7AD_459A_4FA8_83D1_41A46D7634B7
r84.246EB7AD_459A_4FA8_83D1_41A46D7634B7,0,Msxml2.SAXAttributes.4.0\CLSID,,{88D969CA-F192-11D4-A65F-0040963251E5},MSXML4_System.246EB7AD_459A_4FA8_83D1_41A46D7634B7
r85.246EB7AD_459A_4FA8_83D1_41A46D7634B7,0,CLSID\{88D969D6-F192-11D4-A65F-0040963251E5},,MXNamespaceManager 4.0,MSXML4_System.246EB7AD_459A_4FA8_83D1_41A46D7634B7
r86.246EB7AD_459A_4FA8_83D1_41A46D7634B7,0,CLSID\{88D969D6-F192-11D4-A65F-0040963251E5}\InProcServer32,,[#msxml4.dll.246EB7AD_459A_4FA8_83D1_41A46D7634B7],MSXML4_System.246EB7AD_459A_4FA8_83D1_41A46D7634B7
r87.246EB7AD_459A_4FA8_83D1_41A46D7634B7,0,CLSID\{88D969D6-F192-11D4-A65F-0040963251E5}\InProcServer32,ThreadingModel,Both,MSXML4_System.246EB7AD_459A_4FA8_83D1_41A46D7634B7
r88.246EB7AD_459A_4FA8_83D1_41A46D7634B7,0,CLSID\{88D969D6-F192-11D4-A65F-0040963251E5}\ProgID,,Msxml2.MXNamespaceManager.4.0,MSXML4_System.246EB7AD_459A_4FA8_83D1_41A46D7634B7
r89.246EB7AD_459A_4FA8_83D1_41A46D7634B7,0,CLSID\{88D969D6-F192-11D4-A65F-0040963251E5}\Version,,4.0,MSXML4_System.246EB7AD_459A_4FA8_83D1_41A46D7634B7
r90.246EB7AD_459A_4FA8_83D1_41A46D7634B7,0,Msxml2.MXNamespaceManager.4.0,,MXNamespaceManager 4.0,MSXML4_System.246EB7AD_459A_4FA8_83D1_41A46D7634B7
r91.246EB7AD_459A_4FA8_83D1_41A46D7634B7,0,Msxml2.MXNamespaceManager.4.0\CLSID,,{88D969D6-F192-11D4-A65F-0040963251E5},MSXML4_System.246EB7AD_459A_4FA8_83D1_41A46D7634B7
r92.246EB7AD_459A_4FA8_83D1_41A46D7634B7,2,SOFTWARE\Classes\TypeLib\{F5078F18-C551-11D3-89B9-0000F81FE221}\4.0,,"Microsoft XML, v4.0",MSXML4_System.246EB7AD_459A_4FA8_83D1_41A46D7634B7
r93.246EB7AD_459A_4FA8_83D1_41A46D7634B7,2,SOFTWARE\Classes\TypeLib\{F5078F18-C551-11D3-89B9-0000F81FE221}\4.0\0,,,MSXML4_System.246EB7AD_459A_4FA8_83D1_41A46D7634B7
r94.246EB7AD_459A_4FA8_83D1_41A46D7634B7,2,SOFTWARE\Classes\TypeLib\{F5078F18-C551-11D3-89B9-0000F81FE221}\4.0\0\win32,,[#msxml4.dll.246EB7AD_459A_4FA8_83D1_41A46D7634B7],MSXML4_System.246EB7AD_459A_4FA8_83D1_41A46D7634B7
r95.246EB7AD_459A_4FA8_83D1_41A46D7634B7,2,SOFTWARE\Classes\TypeLib\{F5078F18-C551-11D3-89B9-0000F81FE221}\4.0\FLAGS,,0,MSXML4_System.246EB7AD_459A_4FA8_83D1_41A46D7634B7
r96.246EB7AD_459A_4FA8_83D1_41A46D7634B7,2,SOFTWARE\Classes\TypeLib\{F5078F18-C551-11D3-89B9-0000F81FE221}\4.0\HELPDIR,,[MSXMLSYS.246EB7AD_459A_4FA8_83D1_41A46D7634B7],MSXML4_System.246EB7AD_459A_4FA8_83D1_41A46D7634B7
reg_downlevel_payload.98CB24AD_52FB_DB5F_FF1F_C8B3B9A1E18E,2,SOFTWARE\Microsoft\Windows\CurrentVersion\SideBySide\Installations\x86_Microsoft.VC80.CRT_1fc8b3b9a1e18e3b_8.0.50727.42_x-ww_0de06acd\downlevel_payload,,,downlevel_payload.98CB24AD_52FB_DB5F_FF1F_C8B3B9A1E18E
reg_nosxs.98CB24AD_52FB_DB5F_FF1F_C8B3B9A1E18E,2,SOFTWARE\Microsoft\Windows\CurrentVersion\SideBySide\Installations\x86_Microsoft.VC80.CRT_1fc8b3b9a1e18e3b_x-ww_4428b63a\nosxs,,,nosxs.98CB24AD_52FB_DB5F_FF1F_C8B3B9A1E18E
reg_downlevel_manifest.98CB24AD_52FB_DB5F_FF1F_C8B3B9A1E18E,2,SOFTWARE\Microsoft\Windows\CurrentVersion\SideBySide\Installations\x86_Microsoft.VC80.CRT_1fc8b3b9a1e18e3b_8.0.50727.42_x-ww_0de06acd\downlevel_manifest,,,downlevel_manifest.98CB24AD_52FB_DB5F_FF1F_C8B3B9A1E18E
reg_downlevel_manifest.8.0.50727.89.98CB24AD_52FB_DB5F_FF1F_C8B3B9A1E18E,2,SOFTWARE\Microsoft\Windows\CurrentVersion\SideBySide\Installations\x86_Microsoft.VC80.CRT_1fc8b3b9a1e18e3b_8.0.50727.89_x-ww_0de46bd0\downlevel_manifest.8.0.50727.89,,,downlevel_manifest.8.0.50727.89.98CB24AD_52FB_DB5F_FF1F_C8B3B9A1E18E
reg_downlevel_payload.8.0.50727.89.98CB24AD_52FB_DB5F_FF1F_C8B3B9A1E18E,2,SOFTWARE\Microsoft\Windows\CurrentVersion\SideBySide\Installations\x86_Microsoft.VC80.CRT_1fc8b3b9a1e18e3b_8.0.50727.89_x-ww_0de46bd0\downlevel_payload.8.0.50727.89,,,downlevel_payload.8.0.50727.89.98CB24AD_52FB_DB5F_FF1F_C8B3B9A1E18E
reg_downlevel_manifest.8.0.50727.94.98CB24AD_52FB_DB5F_FF1F_C8B3B9A1E18E,2,SOFTWARE\Microsoft\Windows\CurrentVersion\SideBySide\Installations\x86_Microsoft.VC80.CRT_1fc8b3b9a1e18e3b_8.0.50727.94_x-ww_0de56c0a\downlevel_manifest.8.0.50727.94,,,downlevel_manifest.8.0.50727.94.98CB24AD_52FB_DB5F_FF1F_C8B3B9A1E18E
reg_downlevel_manifest.8.0.50727.93.98CB24AD_52FB_DB5F_FF1F_C8B3B9A1E18E,2,SOFTWARE\Microsoft\Windows\CurrentVersion\SideBySide\Installations\x86_Microsoft.VC80.CRT_1fc8b3b9a1e18e3b_8.0.50727.93_x-ww_0de56c09\downlevel_manifest.8.0.50727.93,,,downlevel_manifest.8.0.50727.93.98CB24AD_52FB_DB5F_FF1F_C8B3B9A1E18E
reg_downlevel_payload.8.0.50727.93.98CB24AD_52FB_DB5F_FF1F_C8B3B9A1E18E,2,SOFTWARE\Microsoft\Windows\CurrentVersion\SideBySide\Installations\x86_Microsoft.VC80.CRT_1fc8b3b9a1e18e3b_8.0.50727.93_x-ww_0de56c09\downlevel_payload.8.0.50727.93,,,downlevel_payload.8.0.50727.93.98CB24AD_52FB_DB5F_FF1F_C8B3B9A1E18E
reg_downlevel_payload.8.0.50727.94.98CB24AD_52FB_DB5F_FF1F_C8B3B9A1E18E,2,SOFTWARE\Microsoft\Windows\CurrentVersion\SideBySide\Installations\x86_Microsoft.VC80.CRT_1fc8b3b9a1e18e3b_8.0.50727.94_x-ww_0de56c0a\downlevel_payload.8.0.50727.94,,,downlevel_payload.8.0.50727.94.98CB24AD_52FB_DB5F_FF1F_C8B3B9A1E18E
reg_downlevel_manifest.8.0.50727.95.98CB24AD_52FB_DB5F_FF1F_C8B3B9A1E18E,2,SOFTWARE\Microsoft\Windows\CurrentVersion\SideBySide\Installations\x86_Microsoft.VC80.CRT_1fc8b3b9a1e18e3b_8.0.50727.95_x-ww_0de56c0b\downlevel_manifest.8.0.50727.95,,,downlevel_manifest.8.0.50727.95.98CB24AD_52FB_DB5F_FF1F_C8B3B9A1E18E
reg_downlevel_manifest.8.0.50727.96.98CB24AD_52FB_DB5F_FF1F_C8B3B9A1E18E,2,SOFTWARE\Microsoft\Windows\CurrentVersion\SideBySide\Installations\x86_Microsoft.VC80.CRT_1fc8b3b9a1e18e3b_8.0.50727.96_x-ww_0de56c0c\downlevel_manifest.8.0.50727.96,,,downlevel_manifest.8.0.50727.96.98CB24AD_52FB_DB5F_FF1F_C8B3B9A1E18E
reg_downlevel_payload.8.0.50727.95.98CB24AD_52FB_DB5F_FF1F_C8B3B9A1E18E,2,SOFTWARE\Microsoft\Windows\CurrentVersion\SideBySide\Installations\x86_Microsoft.VC80.CRT_1fc8b3b9a1e18e3b_8.0.50727.95_x-ww_0de56c0b\downlevel_payload.8.0.50727.95,,,downlevel_payload.8.0.50727.95.98CB24AD_52FB_DB5F_FF1F_C8B3B9A1E18E
reg_downlevel_manifest.8.0.50727.97.98CB24AD_52FB_DB5F_FF1F_C8B3B9A1E18E,2,SOFTWARE\Microsoft\Windows\CurrentVersion\SideBySide\Installations\x86_Microsoft.VC80.CRT_1fc8b3b9a1e18e3b_8.0.50727.97_x-ww_0de56c0d\downlevel_manifest.8.0.50727.97,,,downlevel_manifest.8.0.50727.97.98CB24AD_52FB_DB5F_FF1F_C8B3B9A1E18E
reg_downlevel_payload.8.0.50727.96.98CB24AD_52FB_DB5F_FF1F_C8B3B9A1E18E,2,SOFTWARE\Microsoft\Windows\CurrentVersion\SideBySide\Installations\x86_Microsoft.VC80.CRT_1fc8b3b9a1e18e3b_8.0.50727.96_x-ww_0de56c0c\downlevel_payload.8.0.50727.96,,,downlevel_payload.8.0.50727.96.98CB24AD_52FB_DB5F_FF1F_C8B3B9A1E18E
reg_downlevel_manifest.8.0.50727.98.98CB24AD_52FB_DB5F_FF1F_C8B3B9A1E18E,2,SOFTWARE\Microsoft\Windows\CurrentVersion\SideBySide\Installations\x86_Microsoft.VC80.CRT_1fc8b3b9a1e18e3b_8.0.50727.98_x-ww_0de56c0e\downlevel_manifest.8.0.50727.98,,,downlevel_manifest.8.0.50727.98.98CB24AD_52FB_DB5F_FF1F_C8B3B9A1E18E
reg_downlevel_payload.8.0.50727.97.98CB24AD_52FB_DB5F_FF1F_C8B3B9A1E18E,2,SOFTWARE\Microsoft\Windows\CurrentVersion\SideBySide\Installations\x86_Microsoft.VC80.CRT_1fc8b3b9a1e18e3b_8.0.50727.97_x-ww_0de56c0d\downlevel_payload.8.0.50727.97,,,downlevel_payload.8.0.50727.97.98CB24AD_52FB_DB5F_FF1F_C8B3B9A1E18E
reg_downlevel_manifest.8.0.50727.99.98CB24AD_52FB_DB5F_FF1F_C8B3B9A1E18E,2,SOFTWARE\Microsoft\Windows\CurrentVersion\SideBySide\Installations\x86_Microsoft.VC80.CRT_1fc8b3b9a1e18e3b_8.0.50727.99_x-ww_0de56c0f\downlevel_manifest.8.0.50727.99,,,downlevel_manifest.8.0.50727.99.98CB24AD_52FB_DB5F_FF1F_C8B3B9A1E18E
reg_downlevel_payload.8.0.50727.98.98CB24AD_52FB_DB5F_FF1F_C8B3B9A1E18E,2,SOFTWARE\Microsoft\Windows\CurrentVersion\SideBySide\Installations\x86_Microsoft.VC80.CRT_1fc8b3b9a1e18e3b_8.0.50727.98_x-ww_0de56c0e\downlevel_payload.8.0.50727.98,,,downlevel_payload.8.0.50727.98.98CB24AD_52FB_DB5F_FF1F_C8B3B9A1E18E
reg_downlevel_manifest.8.0.50727.100.98CB24AD_52FB_DB5F_FF1F_C8B3B9A1E18E,2,SOFTWARE\Microsoft\Windows\CurrentVersion\SideBySide\Installations\x86_Microsoft.VC80.CRT_1fc8b3b9a1e18e3b_8.0.50727.100_x-ww_6818287e\downlevel_manifest.8.0.50727.100,,,downlevel_manifest.8.0.50727.100.98CB24AD_52FB_DB5F_FF1F_C8B3B9A1E18E
reg_downlevel_payload.8.0.50727.99.98CB24AD_52FB_DB5F_FF1F_C8B3B9A1E18E,2,SOFTWARE\Microsoft\Windows\CurrentVersion\SideBySide\Installations\x86_Microsoft.VC80.CRT_1fc8b3b9a1e18e3b_8.0.50727.99_x-ww_0de56c0f\downlevel_payload.8.0.50727.99,,,downlevel_payload.8.0.50727.99.98CB24AD_52FB_DB5F_FF1F_C8B3B9A1E18E
reg_downlevel_manifest.8.0.50727.101.98CB24AD_52FB_DB5F_FF1F_C8B3B9A1E18E,2,SOFTWARE\Microsoft\Windows\CurrentVersion\SideBySide\Installations\x86_Microsoft.VC80.CRT_1fc8b3b9a1e18e3b_8.0.50727.101_x-ww_6818287f\downlevel_manifest.8.0.50727.101,,,downlevel_manifest.8.0.50727.101.98CB24AD_52FB_DB5F_FF1F_C8B3B9A1E18E
reg_downlevel_payload.8.0.50727.100.98CB24AD_52FB_DB5F_FF1F_C8B3B9A1E18E,2,SOFTWARE\Microsoft\Windows\CurrentVersion\SideBySide\Installations\x86_Microsoft.VC80.CRT_1fc8b3b9a1e18e3b_8.0.50727.100_x-ww_6818287e\downlevel_payload.8.0.50727.100,,,downlevel_payload.8.0.50727.100.98CB24AD_52FB_DB5F_FF1F_C8B3B9A1E18E
reg_downlevel_manifest.8.0.50727.103.98CB24AD_52FB_DB5F_FF1F_C8B3B9A1E18E,2,SOFTWARE\Microsoft\Windows\CurrentVersion\SideBySide\Installations\x86_Microsoft.VC80.CRT_1fc8b3b9a1e18e3b_8.0.50727.103_x-ww_68182881\downlevel_manifest.8.0.50727.103,,,downlevel_manifest.8.0.50727.103.98CB24AD_52FB_DB5F_FF1F_C8B3B9A1E18E
reg_downlevel_payload.8.0.50727.101.98CB24AD_52FB_DB5F_FF1F_C8B3B9A1E18E,2,SOFTWARE\Microsoft\Windows\CurrentVersion\SideBySide\Installations\x86_Microsoft.VC80.CRT_1fc8b3b9a1e18e3b_8.0.50727.101_x-ww_6818287f\downlevel_payload.8.0.50727.101,,,downlevel_payload.8.0.50727.101.98CB24AD_52FB_DB5F_FF1F_C8B3B9A1E18E
reg_downlevel_manifest.8.0.50727.104.98CB24AD_52FB_DB5F_FF1F_C8B3B9A1E18E,2,SOFTWARE\Microsoft\Windows\CurrentVersion\SideBySide\Installations\x86_Microsoft.VC80.CRT_1fc8b3b9a1e18e3b_8.0.50727.104_x-ww_68182882\downlevel_manifest.8.0.50727.104,,,downlevel_manifest.8.0.50727.104.98CB24AD_52FB_DB5F_FF1F_C8B3B9A1E18E
reg_downlevel_payload.8.0.50727.103.98CB24AD_52FB_DB5F_FF1F_C8B3B9A1E18E,2,SOFTWARE\Microsoft\Windows\CurrentVersion\SideBySide\Installations\x86_Microsoft.VC80.CRT_1fc8b3b9a1e18e3b_8.0.50727.103_x-ww_68182881\downlevel_payload.8.0.50727.103,,,downlevel_payload.8.0.50727.103.98CB24AD_52FB_DB5F_FF1F_C8B3B9A1E18E
reg_downlevel_manifest.8.0.50727.193.98CB24AD_52FB_DB5F_FF1F_C8B3B9A1E18E,2,SOFTWARE\Microsoft\Windows\CurrentVersion\SideBySide\Installations\x86_Microsoft.VC80.CRT_1fc8b3b9a1e18e3b_8.0.50727.193_x-ww_68212ab8\downlevel_manifest.8.0.50727.193,,,downlevel_manifest.8.0.50727.193.98CB24AD_52FB_DB5F_FF1F_C8B3B9A1E18E
reg_downlevel_payload.8.0.50727.104.98CB24AD_52FB_DB5F_FF1F_C8B3B9A1E18E,2,SOFTWARE\Microsoft\Windows\CurrentVersion\SideBySide\Installations\x86_Microsoft.VC80.CRT_1fc8b3b9a1e18e3b_8.0.50727.104_x-ww_68182882\downlevel_payload.8.0.50727.104,,,downlevel_payload.8.0.50727.104.98CB24AD_52FB_DB5F_FF1F_C8B3B9A1E18E
reg_downlevel_payload.8.0.50727.193.98CB24AD_52FB_DB5F_FF1F_C8B3B9A1E18E,2,SOFTWARE\Microsoft\Windows\CurrentVersion\SideBySide\Installations\x86_Microsoft.VC80.CRT_1fc8b3b9a1e18e3b_8.0.50727.193_x-ww_68212ab8\downlevel_payload.8.0.50727.193,,,downlevel_payload.8.0.50727.193.98CB24AD_52FB_DB5F_FF1F_C8B3B9A1E18E
reg_downlevel_manifest.8.0.50727.762.98CB24AD_52FB_DB5F_FF1F_C8B3B9A1E18E,2,SOFTWARE\Microsoft\Windows\CurrentVersion\SideBySide\Installations\x86_Microsoft.VC80.CRT_1fc8b3b9a1e18e3b_8.0.50727.762_x-ww_6b128700\downlevel_manifest.8.0.50727.762,,,downlevel_manifest.8.0.50727.762.98CB24AD_52FB_DB5F_FF1F_C8B3B9A1E18E
reg_downlevel_payload.8.0.50727.762.98CB24AD_52FB_DB5F_FF1F_C8B3B9A1E18E,2,SOFTWARE\Microsoft\Windows\CurrentVersion\SideBySide\Installations\x86_Microsoft.VC80.CRT_1fc8b3b9a1e18e3b_8.0.50727.762_x-ww_6b128700\downlevel_payload.8.0.50727.762,,,downlevel_payload.8.0.50727.762.98CB24AD_52FB_DB5F_FF1F_C8B3B9A1E18E
